index,time_sec,video_frame_index,prediction_index,top_regions,png_path
0,0.0,0,0,R Sulcus front sup (2.64); R Sulcus orbital-H Shaped (2.48); L Sulcus orbital-H Shaped (2.45); R Gyrus rectus (2.30); R Gyrus temporal middle (2.27); R Sulcus orbital med-olfact (2.16); L Sulcus orbital lateral (2.14); L Gyrus front inf-Orbital (2.10),/content/drive/MyDrive/New project/deliverables/figures/brain_frames_0p5s/The_Choice_Pepsi_Super_Bowl_20260429_022611/frame_0000_0000.0s.png
1,0.5,12,0,R Sulcus front sup (2.64); R Sulcus orbital-H Shaped (2.48); L Sulcus orbital-H Shaped (2.45); R Gyrus rectus (2.30); R Gyrus temporal middle (2.27); R Sulcus orbital med-olfact (2.16); L Sulcus orbital lateral (2.14); L Gyrus front inf-Orbital (2.10),/content/drive/MyDrive/New project/deliverables/figures/brain_frames_0p5s/The_Choice_Pepsi_Super_Bowl_20260429_022611/frame_0001_0000.5s.png
2,1.0,24,1,R Sulcus front sup (2.45); R Gyrus temporal inf (2.33); R Pole temporal (2.23); R Gyrus temporal middle (2.19); R Gyrus oc-temp med-Parahip (2.17); R Sulcus orbital lateral (2.16); R Gyrus rectus (2.15); R Gyrus front inf-Orbital (2.11),/content/drive/MyDrive/New project/deliverables/figures/brain_frames_0p5s/The_Choice_Pepsi_Super_Bowl_20260429_022611/frame_0002_0001.0s.png
3,1.5,36,1,R Sulcus front sup (2.45); R Gyrus temporal inf (2.33); R Pole temporal (2.23); R Gyrus temporal middle (2.19); R Gyrus oc-temp med-Parahip (2.17); R Sulcus orbital lateral (2.16); R Gyrus rectus (2.15); R Gyrus front inf-Orbital (2.11),/content/drive/MyDrive/New project/deliverables/figures/brain_frames_0p5s/The_Choice_Pepsi_Super_Bowl_20260429_022611/frame_0003_0001.5s.png
4,2.0,48,2,R Pole temporal (2.41); R Sulcus intrapariet and P trans (2.29); R Gyrus oc-temp lat-fusifor (2.24); R Gyrus parietal sup (2.22); R Gyrus temp sup-Plan tempo (2.20); R Sulcus postcentral (2.20); R Sulcus orbital lateral (2.18); R Gyrus and Sulcus frontomargin (2.17),/content/drive/MyDrive/New project/deliverables/figures/brain_frames_0p5s/The_Choice_Pepsi_Super_Bowl_20260429_022611/frame_0004_0002.0s.png
5,2.5,60,2,R Pole temporal (2.41); R Sulcus intrapariet and P trans (2.29); R Gyrus oc-temp lat-fusifor (2.24); R Gyrus parietal sup (2.22); R Gyrus temp sup-Plan tempo (2.20); R Sulcus postcentral (2.20); R Sulcus orbital lateral (2.18); R Gyrus and Sulcus frontomargin (2.17),/content/drive/MyDrive/New project/deliverables/figures/brain_frames_0p5s/The_Choice_Pepsi_Super_Bowl_20260429_022611/frame_0005_0002.5s.png
6,3.0,72,3,R Sulcus orbital lateral (2.07); R Pole temporal (2.06); R Gyrus oc-temp lat-fusifor (1.99); R Sulcus orbital-H Shaped (1.95); L Gyrus temporal inf (1.91); R Sulcus intrapariet and P trans (1.85); R Sulcus oc-temp lat (1.85); R Sulcus collat transv ant (1.84),/content/drive/MyDrive/New project/deliverables/figures/brain_frames_0p5s/The_Choice_Pepsi_Super_Bowl_20260429_022611/frame_0006_0003.0s.png
7,3.5,84,3,R Sulcus orbital lateral (2.07); R Pole temporal (2.06); R Gyrus oc-temp lat-fusifor (1.99); R Sulcus orbital-H Shaped (1.95); L Gyrus temporal inf (1.91); R Sulcus intrapariet and P trans (1.85); R Sulcus oc-temp lat (1.85); R Sulcus collat transv ant (1.84),/content/drive/MyDrive/New project/deliverables/figures/brain_frames_0p5s/The_Choice_Pepsi_Super_Bowl_20260429_022611/frame_0007_0003.5s.png
8,4.0,96,4,R Gyrus temp sup-Plan tempo (1.85); R Sulcus orbital-H Shaped (1.80); R Gyrus pariet inf-Supramar (1.79); L Gyrus precentral (1.76); L Sulcus collat transv ant (1.74); L Gyrus rectus (1.73); L Lat Fis-ant-Vertical (1.73); R Lat Fis-ant-Horizont (1.71),/content/drive/MyDrive/New project/deliverables/figures/brain_frames_0p5s/The_Choice_Pepsi_Super_Bowl_20260429_022611/frame_0008_0004.0s.png
9,4.5,108,4,R Gyrus temp sup-Plan tempo (1.85); R Sulcus orbital-H Shaped (1.80); R Gyrus pariet inf-Supramar (1.79); L Gyrus precentral (1.76); L Sulcus collat transv ant (1.74); L Gyrus rectus (1.73); L Lat Fis-ant-Vertical (1.73); R Lat Fis-ant-Horizont (1.71),/content/drive/MyDrive/New project/deliverables/figures/brain_frames_0p5s/The_Choice_Pepsi_Super_Bowl_20260429_022611/frame_0009_0004.5s.png
10,5.0,120,5,L Sulcus collat transv ant (2.12); L Gyrus precentral (2.00); L Sulcus oc-temp lat (1.98); R Gyrus temp sup-Gyrus T transv (1.97); L Gyrus front middle (1.93); L Gyrus front inf-Triangul (1.92); L Sulcus front inf (1.92); L Gyrus front inf-Opercular (1.91),/content/drive/MyDrive/New project/deliverables/figures/brain_frames_0p5s/The_Choice_Pepsi_Super_Bowl_20260429_022611/frame_0010_0005.0s.png
11,5.5,132,5,L Sulcus collat transv ant (2.12); L Gyrus precentral (2.00); L Sulcus oc-temp lat (1.98); R Gyrus temp sup-Gyrus T transv (1.97); L Gyrus front middle (1.93); L Gyrus front inf-Triangul (1.92); L Sulcus front inf (1.92); L Gyrus front inf-Opercular (1.91),/content/drive/MyDrive/New project/deliverables/figures/brain_frames_0p5s/The_Choice_Pepsi_Super_Bowl_20260429_022611/frame_0011_0005.5s.png
12,6.0,144,6,R Gyrus temp sup-Gyrus T transv (2.10); L Gyrus front inf-Opercular (2.06); R Sulcus temporal transverse (2.04); L Gyrus precentral (2.03); L Gyrus temp sup-Lateral (2.02); L Gyrus front inf-Triangul (2.01); R Gyrus temp sup-Lateral (2.01); R Gyrus temp sup-Plan tempo (2.00),/content/drive/MyDrive/New project/deliverables/figures/brain_frames_0p5s/The_Choice_Pepsi_Super_Bowl_20260429_022611/frame_0012_0006.0s.png
13,6.5,156,6,R Gyrus temp sup-Gyrus T transv (2.10); L Gyrus front inf-Opercular (2.06); R Sulcus temporal transverse (2.04); L Gyrus precentral (2.03); L Gyrus temp sup-Lateral (2.02); L Gyrus front inf-Triangul (2.01); R Gyrus temp sup-Lateral (2.01); R Gyrus temp sup-Plan tempo (2.00),/content/drive/MyDrive/New project/deliverables/figures/brain_frames_0p5s/The_Choice_Pepsi_Super_Bowl_20260429_022611/frame_0013_0006.5s.png
14,7.0,168,7,L Gyrus pariet inf-Angular (2.03); L Sulcus temporal sup (1.93); L Gyrus front inf-Opercular (1.92); L Gyrus temp sup-Lateral (1.91); L Gyrus front inf-Triangul (1.87); L Gyrus front middle (1.87); L Sulcus front inf (1.85); R Gyrus temp sup-Lateral (1.84),/content/drive/MyDrive/New project/deliverables/figures/brain_frames_0p5s/The_Choice_Pepsi_Super_Bowl_20260429_022611/frame_0014_0007.0s.png
15,7.5,180,7,L Gyrus pariet inf-Angular (2.03); L Sulcus temporal sup (1.93); L Gyrus front inf-Opercular (1.92); L Gyrus temp sup-Lateral (1.91); L Gyrus front inf-Triangul (1.87); L Gyrus front middle (1.87); L Sulcus front inf (1.85); R Gyrus temp sup-Lateral (1.84),/content/drive/MyDrive/New project/deliverables/figures/brain_frames_0p5s/The_Choice_Pepsi_Super_Bowl_20260429_022611/frame_0015_0007.5s.png
16,8.0,192,8,L Gyrus pariet inf-Angular (1.95); L Gyrus and Sulcus frontomargin (1.86); L Gyrus orbital (1.83); R Sulcus front inf (1.83); L Pole temporal (1.82); L Sulcus temporal sup (1.77); R Pole temporal (1.75); L Sulcus interm prim-Jensen (1.74),/content/drive/MyDrive/New project/deliverables/figures/brain_frames_0p5s/The_Choice_Pepsi_Super_Bowl_20260429_022611/frame_0016_0008.0s.png
17,8.5,204,8,L Gyrus pariet inf-Angular (1.95); L Gyrus and Sulcus frontomargin (1.86); L Gyrus orbital (1.83); R Sulcus front inf (1.83); L Pole temporal (1.82); L Sulcus temporal sup (1.77); R Pole temporal (1.75); L Sulcus interm prim-Jensen (1.74),/content/drive/MyDrive/New project/deliverables/figures/brain_frames_0p5s/The_Choice_Pepsi_Super_Bowl_20260429_022611/frame_0017_0008.5s.png
18,9.0,216,9,L Gyrus front middle (1.90); L Pole temporal (1.82); L Gyrus front inf-Triangul (1.81); R Sulcus temporal inf (1.79); L Gyrus orbital (1.75); R Gyrus postcentral (1.73); R Sulcus central (1.73); R Gyrus oc-temp med-Parahip (1.73),/content/drive/MyDrive/New project/deliverables/figures/brain_frames_0p5s/The_Choice_Pepsi_Super_Bowl_20260429_022611/frame_0018_0009.0s.png
19,9.5,228,9,L Gyrus front middle (1.90); L Pole temporal (1.82); L Gyrus front inf-Triangul (1.81); R Sulcus temporal inf (1.79); L Gyrus orbital (1.75); R Gyrus postcentral (1.73); R Sulcus central (1.73); R Gyrus oc-temp med-Parahip (1.73),/content/drive/MyDrive/New project/deliverables/figures/brain_frames_0p5s/The_Choice_Pepsi_Super_Bowl_20260429_022611/frame_0019_0009.5s.png
20,10.0,240,10,R Sulcus temporal inf (1.89); L Gyrus rectus (1.88); R Gyrus orbital (1.83); R Sulcus orbital med-olfact (1.80); L Gyrus front middle (1.78); R Gyrus postcentral (1.72); R Gyrus temporal middle (1.71); L Sulcus collat transv ant (1.71),/content/drive/MyDrive/New project/deliverables/figures/brain_frames_0p5s/The_Choice_Pepsi_Super_Bowl_20260429_022611/frame_0020_0010.0s.png
21,10.5,252,10,R Sulcus temporal inf (1.89); L Gyrus rectus (1.88); R Gyrus orbital (1.83); R Sulcus orbital med-olfact (1.80); L Gyrus front middle (1.78); R Gyrus postcentral (1.72); R Gyrus temporal middle (1.71); L Sulcus collat transv ant (1.71),/content/drive/MyDrive/New project/deliverables/figures/brain_frames_0p5s/The_Choice_Pepsi_Super_Bowl_20260429_022611/frame_0021_0010.5s.png
22,11.0,264,11,L Gyrus and Sulcus cingul-Ant (1.76); R Gyrus orbital (1.74); L Gyrus rectus (1.72); L Sulcus pericallosal (1.68); R Gyrus and Sulcus cingul-Ant (1.68); L Gyrus postcentral (1.67); L Sulcus orbital med-olfact (1.67); L Gyrus front middle (1.67),/content/drive/MyDrive/New project/deliverables/figures/brain_frames_0p5s/The_Choice_Pepsi_Super_Bowl_20260429_022611/frame_0022_0011.0s.png
23,11.5,276,11,L Gyrus and Sulcus cingul-Ant (1.76); R Gyrus orbital (1.74); L Gyrus rectus (1.72); L Sulcus pericallosal (1.68); R Gyrus and Sulcus cingul-Ant (1.68); L Gyrus postcentral (1.67); L Sulcus orbital med-olfact (1.67); L Gyrus front middle (1.67),/content/drive/MyDrive/New project/deliverables/figures/brain_frames_0p5s/The_Choice_Pepsi_Super_Bowl_20260429_022611/frame_0023_0011.5s.png
24,12.0,288,12,L Gyrus and Sulcus cingul-Ant (1.80); R Gyrus oc-temp med-Parahip (1.77); R Gyrus and Sulcus cingul-Ant (1.77); L Gyrus orbital (1.72); R Gyrus and Sulcus transv frontopol (1.71); L Sulcus pericallosal (1.67); L Sulcus suborbital (1.67); L Gyrus front middle (1.63),/content/drive/MyDrive/New project/deliverables/figures/brain_frames_0p5s/The_Choice_Pepsi_Super_Bowl_20260429_022611/frame_0024_0012.0s.png
25,12.5,300,12,L Gyrus and Sulcus cingul-Ant (1.80); R Gyrus oc-temp med-Parahip (1.77); R Gyrus and Sulcus cingul-Ant (1.77); L Gyrus orbital (1.72); R Gyrus and Sulcus transv frontopol (1.71); L Sulcus pericallosal (1.67); L Sulcus suborbital (1.67); L Gyrus front middle (1.63),/content/drive/MyDrive/New project/deliverables/figures/brain_frames_0p5s/The_Choice_Pepsi_Super_Bowl_20260429_022611/frame_0025_0012.5s.png
26,13.0,312,13,L Gyrus front middle (1.75); R Gyrus orbital (1.74); L Gyrus and Sulcus cingul-Ant (1.73); L Gyrus orbital (1.73); R Gyrus and Sulcus cingul-Ant (1.71); R Gyrus and Sulcus transv frontopol (1.66); R Gyrus rectus (1.66); L Sulcus suborbital (1.65),/content/drive/MyDrive/New project/deliverables/figures/brain_frames_0p5s/The_Choice_Pepsi_Super_Bowl_20260429_022611/frame_0026_0013.0s.png
27,13.5,324,13,L Gyrus front middle (1.75); R Gyrus orbital (1.74); L Gyrus and Sulcus cingul-Ant (1.73); L Gyrus orbital (1.73); R Gyrus and Sulcus cingul-Ant (1.71); R Gyrus and Sulcus transv frontopol (1.66); R Gyrus rectus (1.66); L Sulcus suborbital (1.65),/content/drive/MyDrive/New project/deliverables/figures/brain_frames_0p5s/The_Choice_Pepsi_Super_Bowl_20260429_022611/frame_0027_0013.5s.png
28,14.0,336,14,R Gyrus rectus (1.86); R Gyrus orbital (1.72); L Sulcus circular insula ant (1.64); L Sulcus oc-temp med and Lingual (1.63); L Gyrus front middle (1.61); L Gyrus oc-temp med-Parahip (1.58); R Sulcus cingul-Marginalis (1.57); R Sulcus oc-temp med and Lingual (1.56),/content/drive/MyDrive/New project/deliverables/figures/brain_frames_0p5s/The_Choice_Pepsi_Super_Bowl_20260429_022611/frame_0028_0014.0s.png
29,14.5,348,14,R Gyrus rectus (1.86); R Gyrus orbital (1.72); L Sulcus circular insula ant (1.64); L Sulcus oc-temp med and Lingual (1.63); L Gyrus front middle (1.61); L Gyrus oc-temp med-Parahip (1.58); R Sulcus cingul-Marginalis (1.57); R Sulcus oc-temp med and Lingual (1.56),/content/drive/MyDrive/New project/deliverables/figures/brain_frames_0p5s/The_Choice_Pepsi_Super_Bowl_20260429_022611/frame_0029_0014.5s.png
30,15.0,360,15,L Sulcus oc-temp med and Lingual (1.80); R Gyrus pariet inf-Angular (1.77); R Gyrus temp sup-Plan tempo (1.73); L Sulcus precentral-inf-part (1.70); L Sulcus cingul-Marginalis (1.69); L Gyrus rectus (1.68); R Sulcus cingul-Marginalis (1.67); L Gyrus temporal middle (1.66),/content/drive/MyDrive/New project/deliverables/figures/brain_frames_0p5s/The_Choice_Pepsi_Super_Bowl_20260429_022611/frame_0030_0015.0s.png
31,15.5,372,15,L Sulcus oc-temp med and Lingual (1.80); R Gyrus pariet inf-Angular (1.77); R Gyrus temp sup-Plan tempo (1.73); L Sulcus precentral-inf-part (1.70); L Sulcus cingul-Marginalis (1.69); L Gyrus rectus (1.68); R Sulcus cingul-Marginalis (1.67); L Gyrus temporal middle (1.66),/content/drive/MyDrive/New project/deliverables/figures/brain_frames_0p5s/The_Choice_Pepsi_Super_Bowl_20260429_022611/frame_0031_0015.5s.png
32,16.0,384,16,L Gyrus rectus (1.82); R Gyrus temp sup-Plan tempo (1.79); R Gyrus front sup (1.78); L Gyrus parietal sup (1.76); R Gyrus pariet inf-Angular (1.74); L Sulcus postcentral (1.74); R Gyrus pariet inf-Supramar (1.70); L Gyrus orbital (1.68),/content/drive/MyDrive/New project/deliverables/figures/brain_frames_0p5s/The_Choice_Pepsi_Super_Bowl_20260429_022611/frame_0032_0016.0s.png
33,16.5,396,16,L Gyrus rectus (1.82); R Gyrus temp sup-Plan tempo (1.79); R Gyrus front sup (1.78); L Gyrus parietal sup (1.76); R Gyrus pariet inf-Angular (1.74); L Sulcus postcentral (1.74); R Gyrus pariet inf-Supramar (1.70); L Gyrus orbital (1.68),/content/drive/MyDrive/New project/deliverables/figures/brain_frames_0p5s/The_Choice_Pepsi_Super_Bowl_20260429_022611/frame_0033_0016.5s.png
34,17.0,408,17,L Gyrus front sup (1.87); L Gyrus temporal middle (1.81); L Gyrus front inf-Opercular (1.73); L Gyrus orbital (1.72); L Sulcus oc-temp lat (1.72); L Sulcus front inf (1.68); L Sulcus postcentral (1.66); R Gyrus front inf-Triangul (1.66),/content/drive/MyDrive/New project/deliverables/figures/brain_frames_0p5s/The_Choice_Pepsi_Super_Bowl_20260429_022611/frame_0034_0017.0s.png
35,17.5,420,17,L Gyrus front sup (1.87); L Gyrus temporal middle (1.81); L Gyrus front inf-Opercular (1.73); L Gyrus orbital (1.72); L Sulcus oc-temp lat (1.72); L Sulcus front inf (1.68); L Sulcus postcentral (1.66); R Gyrus front inf-Triangul (1.66),/content/drive/MyDrive/New project/deliverables/figures/brain_frames_0p5s/The_Choice_Pepsi_Super_Bowl_20260429_022611/frame_0035_0017.5s.png
36,18.0,432,18,L Sulcus circular insula sup (1.92); L Gyrus front sup (1.83); L Gyrus temporal middle (1.80); L Sulcus oc-temp lat (1.70); L Sulcus circular insula ant (1.68); L Gyrus front inf-Opercular (1.67); R Gyrus Ins lg and Sulcus cent ins (1.66); L Gyrus front inf-Triangul (1.66),/content/drive/MyDrive/New project/deliverables/figures/brain_frames_0p5s/The_Choice_Pepsi_Super_Bowl_20260429_022611/frame_0036_0018.0s.png
37,18.5,444,18,L Sulcus circular insula sup (1.92); L Gyrus front sup (1.83); L Gyrus temporal middle (1.80); L Sulcus oc-temp lat (1.70); L Sulcus circular insula ant (1.68); L Gyrus front inf-Opercular (1.67); R Gyrus Ins lg and Sulcus cent ins (1.66); L Gyrus front inf-Triangul (1.66),/content/drive/MyDrive/New project/deliverables/figures/brain_frames_0p5s/The_Choice_Pepsi_Super_Bowl_20260429_022611/frame_0037_0018.5s.png
38,19.0,456,19,L Sulcus circular insula sup (1.74); L Gyrus front sup (1.64); R Gyrus temporal middle (1.63); L Gyrus front inf-Triangul (1.63); L Gyrus temporal middle (1.60); R Gyrus rectus (1.58); L Sulcus circular insula inf (1.57); L Pole temporal (1.56),/content/drive/MyDrive/New project/deliverables/figures/brain_frames_0p5s/The_Choice_Pepsi_Super_Bowl_20260429_022611/frame_0038_0019.0s.png
39,19.5,468,19,L Sulcus circular insula sup (1.74); L Gyrus front sup (1.64); R Gyrus temporal middle (1.63); L Gyrus front inf-Triangul (1.63); L Gyrus temporal middle (1.60); R Gyrus rectus (1.58); L Sulcus circular insula inf (1.57); L Pole temporal (1.56),/content/drive/MyDrive/New project/deliverables/figures/brain_frames_0p5s/The_Choice_Pepsi_Super_Bowl_20260429_022611/frame_0039_0019.5s.png
40,20.0,480,20,L Sulcus circular insula sup (1.70); L Gyrus front inf-Triangul (1.67); R Gyrus rectus (1.63); L Gyrus orbital (1.60); L Gyrus front sup (1.59); R Sulcus circular insula inf (1.55); L Pole temporal (1.54); R Gyrus orbital (1.52),/content/drive/MyDrive/New project/deliverables/figures/brain_frames_0p5s/The_Choice_Pepsi_Super_Bowl_20260429_022611/frame_0040_0020.0s.png
41,20.5,492,20,L Sulcus circular insula sup (1.70); L Gyrus front inf-Triangul (1.67); R Gyrus rectus (1.63); L Gyrus orbital (1.60); L Gyrus front sup (1.59); R Sulcus circular insula inf (1.55); L Pole temporal (1.54); R Gyrus orbital (1.52),/content/drive/MyDrive/New project/deliverables/figures/brain_frames_0p5s/The_Choice_Pepsi_Super_Bowl_20260429_022611/frame_0041_0020.5s.png
42,21.0,504,21,R Gyrus rectus (1.84); L Pole temporal (1.63); L Gyrus oc-temp med-Parahip (1.61); R Gyrus oc-temp med-Parahip (1.57); L Gyrus orbital (1.57); R Gyrus pariet inf-Supramar (1.55); R Gyrus and Sulcus cingul-Mid-Post (1.55); R Sulcus collat transv ant (1.54),/content/drive/MyDrive/New project/deliverables/figures/brain_frames_0p5s/The_Choice_Pepsi_Super_Bowl_20260429_022611/frame_0042_0021.0s.png
43,21.5,516,21,R Gyrus rectus (1.84); L Pole temporal (1.63); L Gyrus oc-temp med-Parahip (1.61); R Gyrus oc-temp med-Parahip (1.57); L Gyrus orbital (1.57); R Gyrus pariet inf-Supramar (1.55); R Gyrus and Sulcus cingul-Mid-Post (1.55); R Sulcus collat transv ant (1.54),/content/drive/MyDrive/New project/deliverables/figures/brain_frames_0p5s/The_Choice_Pepsi_Super_Bowl_20260429_022611/frame_0043_0021.5s.png
44,22.0,528,22,R Gyrus rectus (1.96); L Gyrus front middle (1.92); L Sulcus temporal inf (1.89); L Gyrus oc-temp med-Parahip (1.84); L Gyrus temporal middle (1.73); L Pole temporal (1.66); L Gyrus front inf-Orbital (1.60); L Sulcus collat transv ant (1.59),/content/drive/MyDrive/New project/deliverables/figures/brain_frames_0p5s/The_Choice_Pepsi_Super_Bowl_20260429_022611/frame_0044_0022.0s.png
45,22.5,540,22,R Gyrus rectus (1.96); L Gyrus front middle (1.92); L Sulcus temporal inf (1.89); L Gyrus oc-temp med-Parahip (1.84); L Gyrus temporal middle (1.73); L Pole temporal (1.66); L Gyrus front inf-Orbital (1.60); L Sulcus collat transv ant (1.59),/content/drive/MyDrive/New project/deliverables/figures/brain_frames_0p5s/The_Choice_Pepsi_Super_Bowl_20260429_022611/frame_0045_0022.5s.png
46,23.0,552,23,L Sulcus temporal inf (2.06); L Gyrus oc-temp med-Parahip (1.92); L Gyrus front middle (1.91); L Gyrus temporal middle (1.86); R Gyrus rectus (1.71); L Sulcus collat transv ant (1.64); L Pole temporal (1.62); R Gyrus orbital (1.59),/content/drive/MyDrive/New project/deliverables/figures/brain_frames_0p5s/The_Choice_Pepsi_Super_Bowl_20260429_022611/frame_0046_0023.0s.png
47,23.5,564,23,L Sulcus temporal inf (2.06); L Gyrus oc-temp med-Parahip (1.92); L Gyrus front middle (1.91); L Gyrus temporal middle (1.86); R Gyrus rectus (1.71); L Sulcus collat transv ant (1.64); L Pole temporal (1.62); R Gyrus orbital (1.59),/content/drive/MyDrive/New project/deliverables/figures/brain_frames_0p5s/The_Choice_Pepsi_Super_Bowl_20260429_022611/frame_0047_0023.5s.png
48,24.0,576,24,L Sulcus temporal inf (1.76); R Gyrus subcallosal (1.69); L Gyrus oc-temp med-Parahip (1.63); R Gyrus rectus (1.59); R Gyrus orbital (1.58); L Gyrus temporal middle (1.53); L Sulcus orbital med-olfact (1.49); L Sulcus suborbital (1.49),/content/drive/MyDrive/New project/deliverables/figures/brain_frames_0p5s/The_Choice_Pepsi_Super_Bowl_20260429_022611/frame_0048_0024.0s.png
49,24.5,588,24,L Sulcus temporal inf (1.76); R Gyrus subcallosal (1.69); L Gyrus oc-temp med-Parahip (1.63); R Gyrus rectus (1.59); R Gyrus orbital (1.58); L Gyrus temporal middle (1.53); L Sulcus orbital med-olfact (1.49); L Sulcus suborbital (1.49),/content/drive/MyDrive/New project/deliverables/figures/brain_frames_0p5s/The_Choice_Pepsi_Super_Bowl_20260429_022611/frame_0049_0024.5s.png
50,25.0,600,25,R Pole occipital (1.66); L Pole occipital (1.62); L Gyrus temporal inf (1.61); R Gyrus rectus (1.55); R Gyrus subcallosal (1.50); L Gyrus front sup (1.47); R Sulcus collat transv ant (1.47),/content/drive/MyDrive/New project/deliverables/figures/brain_frames_0p5s/The_Choice_Pepsi_Super_Bowl_20260429_022611/frame_0050_0025.0s.png
51,25.5,611,25,R Pole occipital (1.66); L Pole occipital (1.62); L Gyrus temporal inf (1.61); R Gyrus rectus (1.55); R Gyrus subcallosal (1.50); L Gyrus front sup (1.47); R Sulcus collat transv ant (1.47),/content/drive/MyDrive/New project/deliverables/figures/brain_frames_0p5s/The_Choice_Pepsi_Super_Bowl_20260429_022611/frame_0051_0025.5s.png
52,26.0,623,26,R Pole temporal (1.97); R Pole occipital (1.87); L Pole occipital (1.83); L Gyrus rectus (1.76); R Gyrus subcallosal (1.72); L Sulcus orbital med-olfact (1.69); L Sulcus oc-temp med and Lingual (1.64); R Sulcus collat transv ant (1.61),/content/drive/MyDrive/New project/deliverables/figures/brain_frames_0p5s/The_Choice_Pepsi_Super_Bowl_20260429_022611/frame_0052_0026.0s.png
53,26.5,635,26,R Pole temporal (1.97); R Pole occipital (1.87); L Pole occipital (1.83); L Gyrus rectus (1.76); R Gyrus subcallosal (1.72); L Sulcus orbital med-olfact (1.69); L Sulcus oc-temp med and Lingual (1.64); R Sulcus collat transv ant (1.61),/content/drive/MyDrive/New project/deliverables/figures/brain_frames_0p5s/The_Choice_Pepsi_Super_Bowl_20260429_022611/frame_0053_0026.5s.png
54,27.0,647,27,L Pole occipital (2.12); R Pole occipital (1.94); L Gyrus rectus (1.87); R Pole temporal (1.86); R Gyrus subcallosal (1.85); R Sulcus cingul-Marginalis (1.84); R Gyrus oc-temp med-Parahip (1.83); L Gyrus oc-temp lat-fusifor (1.77),/content/drive/MyDrive/New project/deliverables/figures/brain_frames_0p5s/The_Choice_Pepsi_Super_Bowl_20260429_022611/frame_0054_0027.0s.png
55,27.5,659,27,L Pole occipital (2.12); R Pole occipital (1.94); L Gyrus rectus (1.87); R Pole temporal (1.86); R Gyrus subcallosal (1.85); R Sulcus cingul-Marginalis (1.84); R Gyrus oc-temp med-Parahip (1.83); L Gyrus oc-temp lat-fusifor (1.77),/content/drive/MyDrive/New project/deliverables/figures/brain_frames_0p5s/The_Choice_Pepsi_Super_Bowl_20260429_022611/frame_0055_0027.5s.png
56,28.0,671,28,R Gyrus pariet inf-Supramar (2.58); R Gyrus and Sulcus frontomargin (2.47); R Gyrus front inf-Opercular (2.47); R Sulcus circular insula sup (2.46); R Sulcus postcentral (2.43); R Gyrus oc-temp med-Parahip (2.40); R Gyrus and Sulcus cingul-Mid-Post (2.36); R Gyrus precentral (2.31),/content/drive/MyDrive/New project/deliverables/figures/brain_frames_0p5s/The_Choice_Pepsi_Super_Bowl_20260429_022611/frame_0056_0028.0s.png
57,28.5,683,28,R Gyrus pariet inf-Supramar (2.58); R Gyrus and Sulcus frontomargin (2.47); R Gyrus front inf-Opercular (2.47); R Sulcus circular insula sup (2.46); R Sulcus postcentral (2.43); R Gyrus oc-temp med-Parahip (2.40); R Gyrus and Sulcus cingul-Mid-Post (2.36); R Gyrus precentral (2.31),/content/drive/MyDrive/New project/deliverables/figures/brain_frames_0p5s/The_Choice_Pepsi_Super_Bowl_20260429_022611/frame_0057_0028.5s.png
58,29.0,695,29,R Sulcus calcarine (2.51); R Gyrus temp sup-Plan tempo (2.45); R Gyrus and Sulcus frontomargin (2.44); R Gyrus front inf-Opercular (2.40); L Sulcus calcarine (2.38); L Gyrus oc-temp med-Parahip (2.33); L Gyrus and Sulcus frontomargin (2.31); R Sulcus circular insula sup (2.31),/content/drive/MyDrive/New project/deliverables/figures/brain_frames_0p5s/The_Choice_Pepsi_Super_Bowl_20260429_022611/frame_0058_0029.0s.png
59,29.5,707,29,R Sulcus calcarine (2.51); R Gyrus temp sup-Plan tempo (2.45); R Gyrus and Sulcus frontomargin (2.44); R Gyrus front inf-Opercular (2.40); L Sulcus calcarine (2.38); L Gyrus oc-temp med-Parahip (2.33); L Gyrus and Sulcus frontomargin (2.31); R Sulcus circular insula sup (2.31),/content/drive/MyDrive/New project/deliverables/figures/brain_frames_0p5s/The_Choice_Pepsi_Super_Bowl_20260429_022611/frame_0059_0029.5s.png
60,30.0,719,30,R Sulcus calcarine (2.83); L Sulcus calcarine (2.55); L Gyrus oc-temp med-Parahip (2.52); L Gyrus and Sulcus frontomargin (2.48); R Gyrus and Sulcus frontomargin (2.41); R Sulcus pericallosal (2.33); L Sulcus central (2.31); R Sulcus orbital med-olfact (2.31),/content/drive/MyDrive/New project/deliverables/figures/brain_frames_0p5s/The_Choice_Pepsi_Super_Bowl_20260429_022611/frame_0060_0030.0s.png
