video_id,window,start_sec,end_sec,n_timesteps,mean_abs_response,peak_abs_response,response_std,response_delta,peak_sec,word_count,speech_seconds,transcript_excerpt
Considering_What_Paris_2024_Paralympic_Games,intro_3s,0.0,3.0,3,0.09992213547229767,0.5632110834121704,0.12602084875106812,-0.007350705564022064,0.0,7,1.9409999999999998,That biscotti's delicious. I love the crunch.
Considering_What_Paris_2024_Paralympic_Games,intro_10s,0.0,10.0,10,0.11256825923919678,0.8583720922470093,0.1453591138124466,0.04881957173347473,9.0,17,6.040999999999997,That biscotti's delicious. I love the crunch. The texture's spot on. Really good. Gravity. It's totally self-centred.
Considering_What_Paris_2024_Paralympic_Games,block_000_030,0.0,30.0,30,0.16111449897289276,1.3298938274383545,0.19965794682502747,0.09244498610496521,25.0,39,12.045999999999992,"That biscotti's delicious. I love the crunch. The texture's spot on. Really good. Gravity. It's totally self-centred. It wants to introduce your face to the floor, no matter who..."
Considering_What_Paris_2024_Paralympic_Games,block_030_060,30.0,60.0,30,0.12236882001161575,1.068337321281433,0.15052750706672668,-0.1166619136929512,30.0,38,13.97399999999999,"hearts, and gives middle-aged men moods. Friction doesn't care. It's not here to make exceptions. You're going its way whether your lycra likes it or not. It's keeping your skin..."
Considering_What_Paris_2024_Paralympic_Games,block_060_090,60.0,90.0,30,0.08147594332695007,0.8320944309234619,0.11123800277709961,0.048461705446243286,89.0,54,17.40199999999998,"anyone. It just marches ruthlessly on. It says you're not going to qualify. You won't make the plane. Your pet's not coming back. You're not getting any younger. That force, tha..."
Considering_What_Paris_2024_Paralympic_Games,block_090_120,90.0,120.0,30,0.12159327417612076,1.0587701797485352,0.17702890932559967,-0.022529564797878265,93.0,35,10.90200000000003,"that. He's so brave. She's doing so well considering. Considering what? of them give a flying toss. You are for what your backstory is. They would never say, he's amazing for so..."
Considering_What_Paris_2024_Paralympic_Games,block_120_140,120.0,140.06,21,0.17432747781276703,1.6101815700531006,0.24385115504264832,0.07030689716339111,136.0,17,6.041000000000011,That biscotti's delicious. I love the crunch. The texture's spot on. Really good. Gravity. It's totally self-centred.
Considering_What_Paris_2024_Paralympic_Games,ending_10s,130.06,140.06,10,0.18913452327251434,1.6101815700531006,0.25474557280540466,0.022550955414772034,136.0,0,0.0,
Considering_What_Paris_2024_Paralympic_Games,full_video,0.0,140.06,141,0.12948542833328247,1.6101815700531006,0.18767838180065155,0.06367065012454987,25.0,181,60.365,"That biscotti's delicious. I love the crunch. The texture's spot on. Really good. Gravity. It's totally self-centred. It wants to introduce your face to the floor, no matter who..."
